seed,n_steps,district.all_time_peak_average,district.annual_normalized_unserved_energy_total,district.carbon_emissions_total,district.cost_total,district.daily_one_minus_load_factor_average,district.daily_peak_average,district.discomfort_cold_delta_average,district.discomfort_cold_delta_maximum,district.discomfort_cold_delta_minimum,district.discomfort_cold_proportion,district.discomfort_hot_delta_average,district.discomfort_hot_delta_maximum,district.discomfort_hot_delta_minimum,district.discomfort_hot_proportion,district.discomfort_proportion,district.electricity_consumption_total,district.monthly_one_minus_load_factor_average,district.one_minus_thermal_resilience_proportion,district.power_outage_normalized_unserved_energy_total,district.ramping_average,district.zero_net_energy,building.annual_normalized_unserved_energy_total,building.carbon_emissions_total,building.cost_total,building.discomfort_cold_delta_average,building.discomfort_cold_delta_maximum,building.discomfort_cold_delta_minimum,building.discomfort_cold_proportion,building.discomfort_hot_delta_average,building.discomfort_hot_delta_maximum,building.discomfort_hot_delta_minimum,building.discomfort_hot_proportion,building.discomfort_proportion,building.electricity_consumption_total,building.one_minus_thermal_resilience_proportion,building.power_outage_normalized_unserved_energy_total,building.zero_net_energy
32,8759,1.7977369475277956,0.0,2.2682390424371994,2.279272262141711,0.8448293991969457,2.162475079440378,0.0,0.0,0.0,,0.0,0.0,0.0,,,2.2820685747290685,0.9041068277098643,,,1.6188822122823434,-5.864467354711175,0.0,2.6413848276777387,2.674680731251866,0.0,0.0,0.0,,0.0,0.0,0.0,,,2.6112616741572827,,,-0.1794069842159711
33,8759,1.7977592056636984,0.0,2.1456843733024566,2.1528927368604833,0.8631556598905957,2.115888796282978,0.0,0.0,0.0,,0.0,0.0,0.0,,,2.1486637603320666,0.9193753801999708,,,1.5047212774538847,-5.241348529236347,0.0,2.551500251290665,2.5785378320725414,0.0,0.0,0.0,,0.0,0.0,0.0,,,2.512858269918694,,,-0.09122978389231819
34,8759,1.7977592056636984,0.0,2.1037818436887847,2.1057327371210035,0.8697222486136582,2.100001652679728,0.0,0.0,0.0,,0.0,0.0,0.0,,,2.1018892646249476,0.9245427974214352,,,1.466830040223883,-5.015935919597977,0.0,2.538216315466337,2.56435837116406,0.0,0.0,0.0,,0.0,0.0,0.0,,,2.4985880776038334,,,-0.07564212963345111
35,8759,1.7977592056636984,0.0,2.1866161037355982,2.1953173133419797,0.8559169159119351,2.126737576646544,0.0,0.0,0.0,,0.0,0.0,0.0,,,2.1931216517149608,0.9141052500225452,,,1.5518549278942297,-5.404582592078608,0.0,2.5716631796999465,2.5993755745111877,0.0,0.0,0.0,,0.0,0.0,0.0,,,2.5345551115769336,,,-0.1139591117597871
36,8759,1.7977390955837058,0.0,2.2411408972938958,2.252408273115234,0.847958199909191,2.1529102731294576,0.0,0.0,0.0,,0.0,0.0,0.0,,,2.252260783131826,0.9070864703927024,,,1.5964224517734005,-5.707053637841019,0.0,2.615292729911838,2.6482151657352886,0.0,0.0,0.0,,0.0,0.0,0.0,,,2.5823325863963706,,,-0.15583894390765995
37,8759,1.7977303478447049,0.0,2.283147241640021,2.2958772503747693,0.8426328972741678,2.169697125857151,0.0,0.0,0.0,,0.0,0.0,0.0,,,2.299025717105318,0.902723438695037,,,1.6336124369394625,-5.9415045213709075,0.0,2.653108704650847,2.6886422994179022,0.0,0.0,0.0,,0.0,0.0,0.0,,,2.624940449738941,,,-0.19165479697519341
38,8759,1.7977592056636984,0.0,2.1716389535269847,2.181172144080408,0.8580137798853557,2.12605663933996,0.0,0.0,0.0,,0.0,0.0,0.0,,,2.1772400350177183,0.9159549818337674,,,1.5355675446223298,-5.339218505405128,0.0,2.564370399804521,2.5911459773599526,0.0,0.0,0.0,,0.0,0.0,0.0,,,2.526493015007531,,,-0.10511036771973041
39,8759,1.7977592056636984,0.0,2.20343765443182,2.2129320257813627,0.8525404236605201,2.1337022915953963,0.0,0.0,0.0,,0.0,0.0,0.0,,,2.211312709982424,0.9119283563148768,,,1.5631313651188283,-5.47830019841799,0.0,2.582698955797864,2.6108849732665282,0.0,0.0,0.0,,0.0,0.0,0.0,,,2.546452082496187,,,-0.12555039619795821
40,8759,1.7977592056636984,0.0,2.176158178212008,2.1856678841685895,0.856912841563729,2.1245629219055053,0.0,0.0,0.0,,0.0,0.0,0.0,,,2.1820568818759267,0.9153533029158951,,,1.5391028669482654,-5.346868050806306,0.0,2.565915297608012,2.59306324742946,0.0,0.0,0.0,,0.0,0.0,0.0,,,2.5284959991137654,,,-0.10773382449494746
41,8759,1.7977592056636984,0.0,2.146530223957459,2.153685980097581,0.8628785908436672,2.1154182174598506,0.0,0.0,0.0,,0.0,0.0,0.0,,,2.149490382334501,0.9192641271725269,,,1.5055487965524375,-5.240521679557888,0.0,2.5518198887752943,2.5787936194902463,0.0,0.0,0.0,,0.0,0.0,0.0,,,2.5131973309571576,,,-0.09142333496844386
