job_id,job_name,status,user,target,dataset,algorithm,community_cost_eur,cost_bau_eur,cost_delta_to_bau_eur,cost_ratio_to_bau,ev_min_acceptable_feasible_rate,ev_within_tolerance_feasible_rate,electrical_violation_kwh,peak_daily_ratio_to_bau,peak_all_time_ratio_to_bau,community_import_kwh,community_export_kwh,community_solar_self_consumption_rate,battery_throughput_kwh,v2g_export_kwh
baaa9d13-03cf-45eb-ab24-27d3af174e97,TPPO_53eps new,finished,Tiago Fonseca,server,citylearn_three_phase_dynamic_assets_only_demo_15s_parquet,,,,,,,,,,,,,,,
360390bd-510a-4b5f-8583-3f2832579b8c,mold-repro,finished,Tiago Fonseca,server,citylearn_challenge_2022_phase_all_plus_evs,MATD3,23063.305884784535,28598.350802373392,-5535.044917588857,0.806455800341833,1.0,0.9480894015861572,0.0,0.7603078152127086,0.7933823930581326,138717.85421599963,45408.77058331894,0.6900432779186156,31738.6881725193,387.21216679102963
5d36ccfc-77cf-4e1e-b17d-0647757e76d0,mold-ns8,finished,Tiago Fonseca,server,citylearn_challenge_2022_phase_all_plus_evs,MATD3,23065.34758338172,28598.350802373392,-5533.003218991671,0.8065271925214483,1.0,0.9473684210526315,0.0,0.7612925576665479,0.793966075602806,138672.6063749243,45256.50016376078,0.691666745660843,32409.069365864816,396.28317753961835
cb145f6c-c06c-4fa8-ba97-77f37b943deb,mold-ctx,finished,Tiago Fonseca,server,citylearn_challenge_2022_phase_all_plus_evs,MATD3,22937.80794413526,28598.350802373392,-5660.542858238132,0.8020675074113588,1.0,0.9516943042537851,0.0,0.7595451510100117,0.7966354923735071,137993.53105120285,44751.62100515772,0.6947829840432487,33310.41667399061,381.68503104340675
f4987967-219b-40bf-9463-e90466d74350,mold-evd,finished,Tiago Fonseca,server,citylearn_challenge_2022_phase_all_plus_evs,MATD3,22936.527628536438,28598.350802373392,-5661.823173836954,0.8020227385501169,1.0,0.9524152847873107,0.0,0.7642900043759133,0.7919464817300245,138111.60220052325,45273.7932038143,0.6909643185230342,32094.96858863098,379.26548054321313
3d75aa42-61f9-45b5-a760-3b66e6bf9a0d,mold-ctx-s456,finished,Tiago Fonseca,server,citylearn_challenge_2022_phase_all_plus_evs,MATD3,22967.229904524214,28598.350802373392,-5631.120897849178,0.8030963066100354,1.0,0.9506128334534968,0.0,0.7602817314262411,0.7980364766868924,138226.41814858874,44870.183941433505,0.6942593640935663,32752.92930348712,403.072979718796
f2067fbb-12eb-4a2d-8006-06c8a0a86a3a,mold-evd-s456,finished,Tiago Fonseca,server,citylearn_challenge_2022_phase_all_plus_evs,MATD3,23113.112237132627,28598.350802373392,-5485.238565240765,0.8081973816201478,1.0,0.9441240086517664,0.0,0.7636434272693227,0.7901406734014175,138994.10046841734,45432.349039247485,0.6902535714124316,31855.43208753874,380.88188029661933
3fa86b8e-5f71-41f6-ad7a-1b8f310b8a4e,mold-headfix,finished,Tiago Fonseca,server,citylearn_challenge_2022_phase_all_plus_evs,MATD3,22998.89258702079,28598.350802373392,-5599.458215352603,0.8042034572536294,1.0,0.9509733237202596,0.0,0.7603216199163678,0.7966850458968616,138367.518342436,45153.79063691003,0.6913188725541486,31897.04305535949,362.30471963346463
2cfcf0b8-b82d-480e-8e1d-84dc7a47fd07,mctx4-123,finished,Tiago Fonseca,server,citylearn_challenge_2022_phase_all_plus_evs,MATD3,22799.225012912582,28598.350802373392,-5799.12578946081,0.7972216709440624,0.9992790194664743,0.9516943042537851,0.0,0.7654811260868161,0.7931144743670581,137398.70623530255,45057.09715081275,0.6933384340146108,32628.73691018337,251.89378904906602
94fe8cf3-bee6-4721-b0a1-a7dba59491a9,mctx4-456,finished,Tiago Fonseca,server,citylearn_challenge_2022_phase_all_plus_evs,MATD3,22812.85360273905,28598.350802373392,-5785.497199634341,0.7976982225438608,0.9996395097332372,0.9473684210526315,0.0,0.7691726669299307,0.7919885633676734,137621.61864428688,45016.64444534722,0.6940780974320375,32693.208912106653,251.3390890321997
d4f3bcba-c53e-4519-98e0-1e27e4e3e1ed,mctxh2-123,finished,Tiago Fonseca,server,citylearn_challenge_2022_phase_all_plus_evs,MATD3,22906.742269885668,28598.350802373392,-5691.608532487724,0.8009812323857719,1.0,0.9495313626532084,0.0,0.7616857724518952,0.7848318756497057,137924.62571711483,44482.2473962659,0.6971930735864121,33865.02346727547,371.17319729335577
d24b2307-1f7f-42d1-b0e7-483bcc796089,mctxh2-456,finished,Tiago Fonseca,server,citylearn_challenge_2022_phase_all_plus_evs,MATD3,23012.017973561877,28598.350802373392,-5586.332828811515,0.8046624133183267,1.0,0.9455659697188176,0.0,0.7639488034775301,0.7991906218683836,138503.4324990366,45239.787107545315,0.6918833825780824,32717.745219142,394.7795877328298
a90fb962-5b27-4717-8d8c-3e001a017179,m4r789,finished,Tiago Fonseca,server,citylearn_challenge_2022_phase_all_plus_evs,MATD3,22863.78359015706,28598.350802373392,-5734.5672122163305,0.7994790940273235,0.9996395097332372,0.9444844989185291,0.0,0.7664731558190433,0.7915619876464489,137799.48646407656,45143.22499694116,0.6928632357484092,31887.400648153147,264.6280678460186
f5072e9a-a25e-473d-9051-41f537376d27,m4r999,finished,Tiago Fonseca,server,citylearn_challenge_2022_phase_all_plus_evs,MATD3,22851.294125064225,28598.350802373392,-5747.056677309167,0.799042374260539,0.9992790194664743,0.9524152847873107,0.0,0.766992681491212,0.7889359938591375,137857.3468469035,45357.10299840072,0.6906958838621957,32127.49265492768,275.20968374092894
5571f55d-1dbe-474d-a992-fb0d08bc593d,m6-123,finished,Tiago Fonseca,server,citylearn_challenge_2022_phase_all_plus_evs,MATD3,22938.94487045349,28598.350802373392,-5659.4059319199005,0.8021072623722686,0.998197548666186,0.9556596971881759,0.0,0.765015118910212,0.7934538994773168,138162.85020705685,46261.28832733585,0.6847955665802339,29974.76186421988,241.11283331700628
e2be42dd-87f4-4919-8ca7-6e96c61d4429,m6-456,finished,Tiago Fonseca,server,citylearn_challenge_2022_phase_all_plus_evs,MATD3,22895.532170900267,28598.350802373392,-5702.818631473125,0.8005892482793153,1.0,0.9365537130497477,0.0,0.7675293530736343,0.7899812910017132,138035.48375857357,45568.03798295278,0.6899054289320311,31096.430636465255,266.7022806174247
01bdf7f9-1c15-4efe-9bef-83bd26b19558,m4safe-123,finished,Tiago Fonseca,server,citylearn_challenge_2022_phase_all_plus_evs,MATD3,22950.92810745657,28598.350802373392,-5647.422694916822,0.8025262808354621,0.9989185291997116,0.9538572458543619,0.0,0.7674975684982447,0.7913984605017984,138271.92335267193,45986.71673795247,0.6866946913063483,30757.76125742608,270.86814783345005
d2038ad4-1df9-4456-9a3f-ade65bd44fc0,m4safe-456,finished,Tiago Fonseca,server,citylearn_challenge_2022_phase_all_plus_evs,MATD3,22952.94867579614,28598.350802373392,-5645.4021265772535,0.8025969341522751,0.9996395097332372,0.9527757750540735,0.0,0.767716937003781,0.792469782772469,138298.56225940076,45750.831082574616,0.6884012713748852,31458.05626755135,268.3505427535499
3e609e16-b022-4dfe-862e-af04613c46bc,mh4-123,finished,Tiago Fonseca,server,citylearn_challenge_2022_phase_all_plus_evs,MATD3,22893.74430260021,28598.350802373392,-5704.606499773181,0.8005267317967247,0.9996395097332372,0.9524152847873107,0.0,0.7691139063394904,0.7921357840439531,138014.50782854477,45553.70718065431,0.6903880110664214,32157.22620179897,258.0316780671113
00d55364-fd33-4b27-982f-fc1005be6988,mh4-456,finished,Tiago Fonseca,server,citylearn_challenge_2022_phase_all_plus_evs,MATD3,22941.338210524078,28598.350802373392,-5657.012591849314,0.8021909504173285,0.9996395097332372,0.9477289113193944,0.0,0.7713585117718147,0.7921907851048399,138301.4192819415,45980.45763688507,0.6864728684915306,30370.960323808446,248.60016329049222
27694ecd-25a9-4fcc-b8f9-09c2ff14afef,15m-basic,finished,Tiago Fonseca,server,citylearn_three_phase_electrical_service_demo_15min_parquet,RBCBasicPolicy,24749.645457200313,27303.0466934801,-2553.4012362797876,0.9064792561450832,1.0,0.9821818181818182,0.0,0.881105062921565,0.9084818251023539,145637.41035897564,60598.93544254901,0.5833582334923598,3248.944614791777,0.0
66050c41-6454-4f6e-b49d-d5c2b65f1f0b,15m-smart,finished,Tiago Fonseca,server,citylearn_three_phase_electrical_service_demo_15min_parquet,RBCSmartPolicy,23285.59413448094,27303.0466934801,-4017.452558999161,0.8528569868373511,0.9992727272727273,0.9814545454545455,0.0,0.8042969378040943,0.9367757560638049,139607.3198297417,52952.14398681733,0.6358756856827981,19402.01024986501,39.739107981324196
86d498c1-f064-449d-b9b2-1ff6078051c7,15m-comm,finished,Tiago Fonseca,server,citylearn_three_phase_electrical_service_demo_15min_parquet,RBCCommunityPolicy,22839.312415357534,27303.0466934801,-4463.734278122567,0.8365114952834735,0.9992727272727273,0.9810909090909091,0.0,0.873447400535201,1.064788024065803,136608.33949898777,49249.62239335538,0.6680974113005369,26877.304112661397,85.63264827430248
708916e0-c9de-4da4-9dd1-787114c9eed9,15m-mctx-s123,finished,Tiago Fonseca,server,citylearn_three_phase_electrical_service_demo_15min_parquet,MATD3,2800.5278921511326,3159.9350916864205,-359.4071995352879,0.8862612081871984,1.0,0.9968847352024922,0.0,0.7730140505529484,0.7704486187052272,17059.81943772728,5085.398808553294,0.7280947220815088,3252.555527469609,43.18592116236687
623ab450-4fc6-4666-ba04-bf6b8b628c97,15m-mctx-s456,finished,Tiago Fonseca,server,citylearn_three_phase_electrical_service_demo_15min_parquet,MATD3,2800.5278921511326,3159.9350916864205,-359.4071995352879,0.8862612081871984,1.0,0.9968847352024922,0.0,0.7730140505529484,0.7704486187052272,17059.81943772728,5085.398808553294,0.7280947220815088,3252.555527469609,43.18592116236687
bab75925-8b70-4ec0-94cc-6db9eac552a9,15w4-smart,finished,Tiago Fonseca,server,citylearn_three_phase_electrical_service_demo_15min_parquet,RBCSmartPolicy,2876.374822635592,3159.9350916864205,-283.56026905082854,0.9102638944081931,1.0,0.9719626168224299,0.0,0.757669644559326,0.777977306616463,17560.94010640352,5698.695112107789,0.6948401890895185,2416.163314628997,8.122502267360687
48ab1556-ceb4-499c-ad72-c583cf7cac79,15w4-comm,finished,Tiago Fonseca,server,citylearn_three_phase_electrical_service_demo_15min_parquet,RBCCommunityPolicy,2806.833427989203,3159.9350916864205,-353.10166369721765,0.8882566719087982,1.0,0.9719626168224299,0.0,0.7650063138922748,0.777977306616463,17100.24616676447,5112.371887101125,0.7266467270567614,3260.666054567555,15.292607232928276
dd906f23-5522-4979-a118-d3f14e51240d,15w16-smart,finished,Tiago Fonseca,server,citylearn_three_phase_electrical_service_demo_15min_parquet,RBCSmartPolicy,9531.837589552637,11292.805614570836,-1760.9680250181991,0.8440628409696467,1.0,0.9804992199687987,0.0,0.7791415615051019,0.9367757560638049,70022.71986763079,18146.67471114127,0.6761526659833375,8407.992652960005,32.94289181381464
059f83f6-2670-4114-afe8-f8a968a3beaf,15w16-comm,finished,Tiago Fonseca,server,citylearn_three_phase_electrical_service_demo_15min_parquet,RBCCommunityPolicy,9419.995704688428,11292.805614570836,-1872.8099098824077,0.8341590235586835,1.0,0.9804992199687987,0.0,0.7964796486387679,0.9183782286648372,68901.30730899953,16722.90739035792,0.7063030140829751,11268.710084576509,59.294532135128975
5d5e16aa-1f91-4660-911b-9d5d1a632906,15m-m16e2-123,finished,Tiago Fonseca,server,citylearn_three_phase_electrical_service_demo_15min_parquet,MATD3,9407.045639462516,11292.805614570836,-1885.7599751083198,0.8330122699823002,0.999219968798752,0.9914196567862714,14.911899487966366,0.7895102183573135,0.8472918027359049,68842.35871130544,15787.284620518396,0.7202785523334836,14980.594715621613,120.05241674651029
9df2fb88-89ad-4edc-bc12-02f3434ddd03,15m-m16e2-456,finished,Tiago Fonseca,server,citylearn_three_phase_electrical_service_demo_15min_parquet,MATD3,9520.05746866672,11292.805614570836,-1772.7481459041155,0.8430196882502979,1.0,0.9875195007800313,12.936070322579326,0.7889138442519578,0.8502671713478949,69551.89826385198,16017.71205298645,0.7161257138088389,14421.635562665198,165.49001597955873
e0747cd9-8e5c-42cf-ba7d-aaa2416f39e9,15s12-123,finished,Tiago Fonseca,server,citylearn_three_phase_electrical_service_demo_15min_parquet,MATD3,9476.118271481584,11292.805614570836,-1816.687343089252,0.8391287864952511,1.0,0.9960998439937597,102.68805125949802,0.788141077674344,0.8538305171650538,69249.15994019755,16111.997033848898,0.7151868341495548,14407.527483408367,166.50361635368273
2e1b90cb-b6e7-4024-b530-3345f20d4ccd,15s12-456,finished,Tiago Fonseca,server,citylearn_three_phase_electrical_service_demo_15min_parquet,MATD3,9542.68388408234,11292.805614570836,-1750.1217304884958,0.84502330154073,1.0,0.9960998439937597,250.3589199210901,0.7967652426127637,0.8557454954993932,69665.64181396423,16370.229427540442,0.7114712386585793,14089.404374685302,198.50268122017494
7e861cd1-9b5e-4204-9387-099a85d4bbc2,15s15-123,finished,Tiago Fonseca,server,citylearn_three_phase_electrical_service_demo_15min_parquet,MATD3,9435.975046979149,11292.805614570836,-1856.8305675916872,0.8355740255374746,1.0,0.9929797191887676,0.7008816271554679,0.7792320480318751,0.8562610123700997,68998.99875264188,16019.486112557268,0.715861124128347,14098.986690844225,161.8507885018672
2bfe5932-b4ac-4851-b828-bbd6c97c26a7,15s15-456,finished,Tiago Fonseca,server,citylearn_three_phase_electrical_service_demo_15min_parquet,MATD3,9471.292937115,11292.805614570836,-1821.5126774558357,0.8387014937098022,1.0,0.9937597503900156,6.1682905510742785,0.7880790678998612,0.8609518272213638,69201.81558635295,16142.357831299194,0.7145684604303617,14467.791445204646,142.91933342192794
031ed0f5-6043-41b3-b3fc-303bba75f218,15p15-123,finished,Tiago Fonseca,server,citylearn_three_phase_electrical_service_demo_15min_parquet,MATD3,9482.926002877548,11292.805614570836,-1809.879611693288,0.8397316244106741,1.0,0.9937597503900156,3.168870481327758,0.7816256012156375,0.8571584069408593,69273.4418263705,16040.445400743618,0.7163531219379655,14362.94801137612,149.94955539011858
c9d613b2-241a-4e0d-8799-f39f862aee16,15p15-456,finished,Tiago Fonseca,server,citylearn_three_phase_electrical_service_demo_15min_parquet,MATD3,9426.654621647569,11292.805614570836,-1866.150992923267,0.834748683664986,1.0,0.9945397815912637,0.07697990705491975,0.7821040095481401,0.8580901684093204,68944.21722293738,16037.489146769623,0.7157338061745772,14280.901825279852,152.11559168563844
376782a2-93c5-45f0-9b70-96e3ef93c17a,22m-basic-fy,finished,Tiago Fonseca,server,citylearn_challenge_2022_phase_all_plus_evs_15min_parquet,RBCBasicPolicy,32308.12382183291,39934.98336570454,-7626.859543871629,0.8090180863723249,1.0,0.982335976928623,0.0,0.7434150799241241,0.8501439919724111,194678.48132649093,110.81127261929214,0.9972496671111837,3259.8751205205917,0.0
dba3132e-30d4-4e81-bbf0-8ce89a2cf968,22m-comm-fy,finished,Tiago Fonseca,server,citylearn_challenge_2022_phase_all_plus_evs_15min_parquet,RBCCommunityPolicy,32061.826528558686,39934.98336570454,-7873.1568371458525,0.8028506293580384,1.0,0.982335976928623,0.0,0.6782238403705821,0.806043654546648,194988.0442874606,215.1253919173032,0.9940827399847655,6537.79538780381,87.28264819085598
0c4d4870-dbaa-4181-b992-4abe43e0eb7f,22m-p15-456-fy,finished,Tiago Fonseca,server,citylearn_challenge_2022_phase_all_plus_evs_15min_parquet,MATD3,32136.2999693791,39934.98336570454,-7798.683396325439,0.8047154965632761,1.0,0.9938716654650325,0.0,0.6897362869894542,0.7706231154719517,195472.69644725107,196.02287585288286,0.994608175655055,5363.524663512879,227.99909096490012
503c119a-2e33-43c6-9ee1-0b3e493707e0,22m-smart-fy,finished,Tiago Fonseca,server,citylearn_challenge_2022_phase_all_plus_evs_15min_parquet,RBCSmartPolicy,31975.16937516475,39934.98336570454,-7959.8139905397875,0.800680673442435,1.0,0.982335976928623,0.0,0.677173728519605,0.806043654546648,194648.35786232937,3.481546700000763,0.9999042362368502,4710.632353799418,54.45016074925661
eed07d0f-046a-49b5-ab87-160e25dc74f7,22m-mctx4h-456-fy,finished,Tiago Fonseca,server,citylearn_challenge_2022_phase_all_plus_evs_15min_parquet,MATD3,32042.860745259866,39934.98336570454,-7892.122620444672,0.8023757128387266,1.0,0.9704397981254506,0.0,0.6764994562288921,0.8048611856405716,194993.4723953001,158.61880735028535,0.9956370156119979,4538.830181801037,83.64278295836769
aebadd56-f14f-4e13-9400-ac495d282ebc,22c-sm10-fy,finished,Tiago Fonseca,server,citylearn_challenge_2022_phase_all_plus_evs_15min_parquet,MATD3,32157.98514857592,39934.98336570454,-7776.998217128617,0.8052585086636754,1.0,0.9859408795962509,0.0,0.6874478389993351,0.8029168488073741,195660.35561972635,4.494703747332096,0.9998763682402744,6237.164995352594,185.56160754630824
c1ab3190-48a3-4fe9-924f-5e73062cd21f,22c-sm18-fy,finished,Tiago Fonseca,server,citylearn_challenge_2022_phase_all_plus_evs_15min_parquet,MATD3,32362.991933349316,39934.98336570454,-7571.991432355222,0.810392022377605,1.0,0.9812545061283345,0.0,0.6841962124767716,0.7756749451259847,196804.57762346533,1.3990776389837265,0.9999615168339842,12349.286327690917,269.7335623969162
9e4842cd-bb32-4362-a32b-d0743e63dd91,22c-stor-fy,finished,Tiago Fonseca,server,citylearn_challenge_2022_phase_all_plus_evs_15min_parquet,MATD3,32348.476728839694,39934.98336570454,-7586.506636864844,0.8100285514734932,1.0,0.9787310742609949,0.0,0.6843919798279735,0.7774507022123361,196634.04125085144,2.23056295607239,0.9999386459177422,10748.160980734796,236.38586444007603
e39889d8-c624-4a7d-9091-ac2f8c339258,22c-push-fy,finished,Tiago Fonseca,server,citylearn_challenge_2022_phase_all_plus_evs_15min_parquet,MATD3,32474.31664751901,39934.98336570454,-7460.66671818553,0.8131796713206442,1.0,0.9733237202595529,0.0,0.6794009297524247,0.7783741425896137,197376.24902646025,9.909208677709103,0.9997274363394826,9731.997210893885,309.24876900372504
858946b2-b65c-45f2-9ce6-7d0a1ee9353d,h-m4-789,finished,Tiago Fonseca,server,citylearn_challenge_2022_phase_all_plus_evs,MATD3,22863.78359015706,28598.350802373392,-5734.5672122163305,0.7994790940273235,0.9996395097332372,0.9444844989185291,0.0,0.7664731558190433,0.7915619876464489,137799.48646407656,45143.22499694116,0.6928632357484092,31887.400648153147,264.6280678460186
36cc64a0-00fd-49d1-adb1-454b9d61e65d,h-m4-999,finished,Tiago Fonseca,server,citylearn_challenge_2022_phase_all_plus_evs,MATD3,22851.294125064225,28598.350802373392,-5747.056677309167,0.799042374260539,0.9992790194664743,0.9524152847873107,0.0,0.766992681491212,0.7889359938591375,137857.3468469035,45357.10299840072,0.6906958838621957,32127.49265492768,275.20968374092894
a04031ad-95e1-4541-984d-1742337c737f,h-m6-123,finished,Tiago Fonseca,server,citylearn_challenge_2022_phase_all_plus_evs,MATD3,22938.94487045349,28598.350802373392,-5659.4059319199005,0.8021072623722686,0.998197548666186,0.9556596971881759,0.0,0.765015118910212,0.7934538994773168,138162.85020705685,46261.28832733585,0.6847955665802339,29974.76186421988,241.11283331700628
f8b261c8-9540-4874-82af-49f1deb5df64,h-m6-456,finished,Tiago Fonseca,server,citylearn_challenge_2022_phase_all_plus_evs,MATD3,22895.532170900267,28598.350802373392,-5702.818631473125,0.8005892482793153,1.0,0.9365537130497477,0.0,0.7675293530736343,0.7899812910017132,138035.48375857357,45568.03798295278,0.6899054289320311,31096.430636465255,266.7022806174247
850655d1-7467-4d33-8c89-985b609ca6fd,m15-p15,finished,Tiago Fonseca,server,citylearn_challenge_2022_phase_all_plus_evs_15min_parquet,MATD3,32136.2999693791,39934.98336570454,-7798.683396325439,0.8047154965632761,1.0,0.9938716654650325,0.0,0.6897362869894542,0.7706231154719517,195472.69644725107,196.02287585288286,0.994608175655055,5363.524663512879,227.99909096490012
d00b8395-c9da-42ca-a72a-6e9788a18cb4,m15-htr,finished,Tiago Fonseca,server,citylearn_challenge_2022_phase_all_plus_evs_15min_parquet,MATD3,32042.860745259866,39934.98336570454,-7892.122620444672,0.8023757128387266,1.0,0.9704397981254506,0.0,0.6764994562288921,0.8048611856405716,194993.4723953001,158.61880735028535,0.9956370156119979,4538.830181801037,83.64278295836769
e3b57d34-3b78-48ca-8f47-d94695ae6a77,m15-sm10,finished,Tiago Fonseca,server,citylearn_challenge_2022_phase_all_plus_evs_15min_parquet,MATD3,32157.98514857592,39934.98336570454,-7776.998217128617,0.8052585086636754,1.0,0.9859408795962509,0.0,0.6874478389993351,0.8029168488073741,195660.35561972635,4.494703747332096,0.9998763682402744,6237.164995352594,185.56160754630824
5ab94237-8da3-49ec-9b54-e8ef3f58e270,m15-sm18,finished,Tiago Fonseca,server,citylearn_challenge_2022_phase_all_plus_evs_15min_parquet,MATD3,32362.991933349316,39934.98336570454,-7571.991432355222,0.810392022377605,1.0,0.9812545061283345,0.0,0.6841962124767716,0.7756749451259847,196804.57762346533,1.3990776389837265,0.9999615168339842,12349.286327690917,269.7335623969162
dec5d611-4eb3-4742-8c77-60d9bb31a6a0,15t-mctx4-fy,finished,Tiago Fonseca,tiago-laptop,citylearn_three_phase_electrical_service_demo_15min_parquet,MATD3,22731.44540314992,27303.0466934801,-4571.601290330182,0.8325607635787449,0.9989094874591058,0.9894583787713559,2.139282180865848,0.8657055955672796,1.2240347155674407,136233.09091089547,48112.23480136739,0.673880857780573,31752.72990002011,195.14855957067516
f7dbed6b-b9d3-460b-8d8a-dfccbed944ce,15t-cost4-fy-srv-r2,finished,Tiago Fonseca,server,citylearn_three_phase_electrical_service_demo_15min_parquet,MATD3,22664.58898813118,27303.0466934801,-4638.457705348919,0.8301120839215145,0.9974554707379135,0.9865503453289712,0.00724479672499001,0.8594861742685412,1.0493629746183661,135904.005220926,47804.243172299466,0.6756848930130666,32617.03834590079,179.8418562866333
6ebc3836-cec2-491f-b058-2b8fc84022d2,15t-free4-fy-srv-r2,failed,Tiago Fonseca,server,citylearn_three_phase_electrical_service_demo_15min_parquet,MATD3,,,,,,,,,,,,,,
b60ce420-f860-4851-87a6-a8d085930414,j-xav-mat-4096-r6,finished,Tiago Fonseca,jetson-xavier,citylearn_three_phase_electrical_service_demo_15min_parquet,MATD3,2800.5278921511326,3159.9350916864205,-359.4071995352879,0.8862612081871984,1.0,0.9968847352024922,0.0,0.7730140505529484,0.7704486187052272,17059.81943772728,5085.398808553294,0.7280947220815088,3252.555527469609,43.18592116236687
